{"cameraMode":{"drawMode":0,"name":"Shaded","section":"Shading Mode"},"sceneLighting":true,"audioPlay":false,"sceneViewState":{"showFog":true,"showMaterialUpdate":false,"showSkybox":true,"showFlares":true,"showImageEffects":true,"showParticleSystems":true,"showVisualEffectGraphs":true,"m_FxEnabled":true},"in2DMode":false,"pivot":{"x":16.218162536621095,"y":-29.58138084411621,"z":11.824472427368164},"rotation":{"x":0.28864550590515139,"y":0.47858867049217226,"z":-0.17021067440509797,"w":0.8115981221199036},"size":29.769630432128908,"orthographic":false}